iter	Logloss
0	0.6587529494
1	0.6175631289
2	0.5840706874
3	0.5567170276
4	0.5344845719
