iter	MultiClass
0	0.969537613
1	0.7015157919
